{"cameraMode":{"drawMode":0,"name":"Shaded","section":"Shading Mode"},"sceneLighting":true,"audioPlay":false,"sceneViewState":{"m_AlwaysRefresh":false,"showFog":true,"showSkybox":true,"showFlares":true,"showImageEffects":true,"showParticleSystems":true,"showVisualEffectGraphs":true,"m_FxEnabled":true},"in2DMode":false,"pivot":{"x":-60.000003814697269,"y":-363.6178283691406,"z":-60.000003814697269},"rotation":{"x":0.17227576673030854,"y":0.09734576940536499,"z":-0.0171112809330225,"w":0.9800781607627869},"size":1.1660254001617432,"orthographic":false}