{"cameraMode":{"drawMode":0,"name":"Shaded","section":"Shading Mode"},"sceneLighting":true,"audioPlay":false,"sceneViewState":{"m_AlwaysRefresh":false,"showFog":true,"showSkybox":true,"showFlares":true,"showImageEffects":true,"showParticleSystems":true,"showVisualEffectGraphs":true,"m_FxEnabled":true},"in2DMode":false,"pivot":{"x":151.6435546875,"y":76.99031066894531,"z":82.78816986083985},"rotation":{"x":-0.013799295760691166,"y":0.005699154920876026,"z":0.00008042256376938894,"w":0.9998965263366699},"size":252.4361572265625,"orthographic":false}