{"cameraMode":{"drawMode":0,"name":"Shaded","section":"Shading Mode"},"sceneLighting":true,"audioPlay":false,"sceneViewState":{"m_AlwaysRefresh":false,"showFog":true,"showSkybox":true,"showFlares":true,"showImageEffects":true,"showParticleSystems":true,"showVisualEffectGraphs":true,"m_FxEnabled":true},"in2DMode":false,"pivot":{"x":91.42063903808594,"y":-88.24236297607422,"z":140.98605346679688},"rotation":{"x":0.12074631452560425,"y":0.30420196056365969,"z":-0.03890232741832733,"w":0.9441315531730652},"size":139.1079864501953,"orthographic":false}