{"cameraMode":{"drawMode":0,"name":"Shaded","section":"Shading Mode"},"sceneLighting":false,"audioPlay":false,"sceneViewState":{"m_AlwaysRefresh":false,"showFog":true,"showSkybox":false,"showFlares":true,"showImageEffects":true,"showParticleSystems":true,"showVisualEffectGraphs":true,"m_FxEnabled":true},"in2DMode":false,"pivot":{"x":-1.0145258903503419,"y":1.059114933013916,"z":0.3398423194885254},"rotation":{"x":0.17227576673030854,"y":0.09734576940536499,"z":-0.0171112809330225,"w":0.9800781607627869},"size":0.8660253882408142,"orthographic":false}